TIMESTAMP,TOKEN,USD_PRICE
2023-04-06 01:19:36,DOT,6.283
2023-04-08 19:52:38,ETH,1849.91
2022-08-05 09:48:51,USDT,1.0
2022-06-08 23:42:36,ADA,0.6404
2023-03-28 17:44:28,ETH,1773.6
2022-06-21 09:26:45,USDT,0.9987
2023-04-18 14:17:42,SOL,24.83
2022-12-12 02:54:18,USDT,1.0
2022-10-13 12:30:43,BNB,271.86
2022-08-10 15:16:07,USDT,1.0
2023-08-19 19:43:41,FTM,0.2079
2022-06-01 11:13:19,EUR,1.065
2023-04-06 21:18:39,ETH,1872.91
2024-05-26 13:35:09,ETH,3824.34
2023-05-09 13:07:42,MATIC,0.8778
2023-03-30 19:03:27,ETH,1793.89
2023-05-11 21:07:51,FTM,0.3688
2023-05-31 05:14:44,ETH,1874.03
2022-06-08 12:37:54,STELLA,0.0
2023-03-24 17:43:29,USDT,1.001
2023-04-08 21:03:17,rWBNB,0.0
2024-05-26 13:50:38,ETH,3824.34
2023-03-28 19:26:42,GLMR,0.363
2023-09-18 22:26:46,variableDebtWBNB,0.0
2023-04-12 18:18:05,USDC,0.9997
2023-03-16 19:34:59,ETH,1676.86
2023-02-22 07:11:48,USDT,1.0
2023-08-23 17:12:05,ETH,1679.23
2023-08-19 19:48:10,FTM,0.2079
2023-04-12 17:17:00,GLMR,0.377
2023-04-07 23:11:00,ETH,1864.89
2023-03-31 08:25:10,BabyHOKA,0.0
2022-11-09 09:51:28,ETH,1104.17
2024-03-10 13:54:48,rWBNB,0.0
2023-01-20 20:38:48,USDT,1.0
2023-06-10 04:26:34,USDT,1.001
2023-03-31 06:19:00,BNB,316.92
2022-09-16 22:34:47,ALGO,0.2978
2023-03-28 19:52:38,spLP,0.0
2022-07-08 13:51:28,BUSD,1.001
2023-05-19 14:38:02,ETH,1812.74
2023-08-04 20:08:23,sbfTND,0.0
2023-02-21 18:19:36,BNB,311.62
2023-04-08 21:00:09,rWBNB,0.0
2023-02-10 03:37:03,BUSD,0.9999
2023-10-17 11:24:00,RDNT,0.2051
2023-11-06 00:36:01,ETH,1901.65
2022-12-11 19:16:41,ATOM,9.526
2023-03-28 22:18:45,POL,0.0
2022-10-31 02:54:35,BUSD,1.0
2023-04-08 20:26:15,BNB,310.57
2023-10-31 12:11:42,BNB,226.35
2023-04-12 18:47:15,sAVAX,0.0
2022-06-13 05:31:39,EUR,1.041
2023-04-10 06:52:14,LINK,7.347
2024-07-06 22:03:40,fGLP,0.0
2022-06-25 03:56:45,ETH,1241.0
2024-02-03 17:54:09,CRAB,0.0
2022-05-04 08:51:03,SOL,92.75
2024-03-10 14:00:36,WBNB,0.0
2023-08-04 20:08:23,sbTND,0.0
2023-08-23 17:12:05,fGLP,0.0
2023-11-05 23:06:52,BTC,35039.47
2023-05-17 14:12:47,BNB,314.35
2022-09-17 17:35:48,GLMR,0.516
2022-07-15 07:54:18,MATIC,0.7032
2022-12-20 01:06:11,DAI,0.9996
2022-09-17 17:37:30,GLMR,0.516
2022-08-05 18:54:15,USDT,1.0
2023-04-19 22:35:26,SOL,22.69
2023-05-17 16:24:00,BNB,314.35
2023-05-18 16:27:02,BNB,309.27
2024-02-03 17:56:07,ETH,2295.87
2023-03-28 22:33:23,ETH,1773.6
2023-04-10 06:47:51,tfsGLP,0.0
2022-12-13 22:14:22,COMP,39.51
2023-04-10 06:53:51,fGLP,0.0
2022-07-14 18:21:04,DOT,6.719
2023-04-21 19:07:35,MATIC,1.012
2023-05-17 16:22:42,BNB,314.35
2023-08-23 17:12:05,GLP,0.0
2022-07-18 09:10:13,EUR,1.013
2022-07-14 18:23:03,FTM,0.2536
2023-02-22 07:11:48,BNB,312.34
2022-08-09 13:56:30,USDT,1.001
2023-04-16 15:52:55,variableDebtWBNB,0.0
2023-03-28 20:28:49,BNB,313.29
2023-07-07 18:19:11,EUR,1.095
2022-07-21 11:29:06,BNB,265.56
2023-10-09 09:50:24,SNX,1.927
2023-03-18 15:40:30,BNB,331.77
2022-12-19 23:22:32,EUR,1.062
2022-10-29 15:39:16,ATOM,13.47
2023-04-04 15:54:53,BNB,310.79
2023-08-19 17:49:42,MATIC,0.577
2023-12-15 11:19:20,AVAX,39.73
2023-04-10 06:53:51,ETH,1911.14
2023-04-08 21:03:17,BNB,310.57
2024-07-06 22:05:17,ETH,3067.54
2023-11-26 01:23:54,AVAX,21.07
2023-05-13 17:24:15,ETH,1796.08
2024-03-10 13:54:48,variableDebtWBNB,0.0
2024-03-19 10:07:49,ETH,3158.44
2022-09-17 17:33:48,GLMR,0.516
2022-07-19 13:35:50,SOL,44.88
2023-04-05 21:43:18,wHEX,0.0
2023-03-28 19:52:38,FTM,0.4231
2023-02-26 15:46:42,BNB,308.85
2022-08-02 09:53:40,USDT,1.002
2023-08-23 17:13:47,ETH,1679.23
2023-05-12 17:06:24,fPEPE,0.0
2022-07-20 20:39:27,ETH,1521.72
2023-04-06 02:39:06,xcDOT,0.0
2023-11-06 00:36:11,ETH,1901.65
2024-03-15 11:35:47,ETH,3742.44
2022-07-25 23:49:15,ETH,1438.01
2023-05-11 21:08:12,FTM,0.3688
2022-11-09 16:40:40,USDT,0.994
2022-05-06 16:12:11,ETH,2692.08
2023-05-18 16:25:41,BNB,309.27
2022-09-09 14:26:04,BNB,293.6
2023-04-06 01:22:41,AVAX,17.99
2022-08-01 12:45:15,XTZ,1.814
2023-03-28 19:47:19,stDOT,0.0
2023-03-28 20:54:12,ETH,1773.6
2023-05-14 01:33:17,BTC,26931.44
2023-06-14 20:06:24,BTC,25125.73
2023-03-15 02:14:41,BNB,307.33
2024-03-10 14:00:36,BNB,529.27
2022-11-02 17:49:47,USDT,0.9998
2023-10-25 12:54:45,BNB,222.15
2023-03-28 20:35:16,FTM,0.4231
2024-04-21 12:03:44,sbGMX,0.0
2023-03-28 22:37:11,wstETH,0.0
2023-03-31 06:35:27,variableDebtWBNB,0.0
2023-03-31 04:31:34,BNB,316.92
2023-09-10 07:57:10,EGLD,23.56
2023-03-23 07:31:24,ETH,1817.43
2024-01-01 14:03:12,BNB,313.67
2022-10-18 18:46:11,AVAX,15.87
2022-07-19 11:02:39,FTM,0.3401
2022-07-19 13:26:38,BTC,23399.91
2024-07-05 04:19:39,GMX,24.35
2023-04-08 01:22:39,GLP,0.0
2023-04-06 16:34:58,ETH,1872.91
2024-08-29 09:11:42,GMX,25.72
2023-04-01 22:13:08,ETH,1821.79
2022-08-09 09:01:47,USDT,1.001
2023-04-06 03:02:24,GLMR,0.38
2022-04-20 10:48:36,SOL,105.59
2022-09-17 17:33:48,stDOT,0.0
2023-05-09 14:55:46,POL,0.0
2023-04-08 20:51:06,BNB,310.57
2022-06-01 10:54:38,ETH,1817.42
2022-09-29 12:38:08,USDT,1.0
2023-06-02 20:51:03,EUR,1.07
2022-06-08 20:07:07,WMATIC,0.0
2023-09-17 12:09:01,sAVAX,0.0
2022-10-31 02:02:31,LINK,7.858
2023-08-18 06:25:27,FTM,0.1999
2022-09-17 15:20:05,EUR,1.0
2022-12-12 20:14:42,OSMO,0.9349
2023-04-08 01:22:39,ETH,1849.91
2022-06-24 22:20:01,ETH,1224.12
2022-06-25 03:56:45,USDT,0.9991
2022-06-01 11:14:37,EUR,1.065
2023-05-17 16:59:24,wADAX,0.0
2023-03-28 17:47:37,CyOp,0.0
2023-05-24 17:01:51,ETH,1799.99
2023-08-04 21:28:31,EUR,1.096
2023-03-28 22:22:14,ETH,1773.6
2023-05-08 18:00:01,USDT,1.004
2022-07-20 20:34:26,SOL,42.03
2023-04-22 03:16:34,DYDX,2.544
2023-04-28 01:55:06,BNB,324.21
2023-04-08 20:57:45,rWBNB,0.0
2024-03-10 13:59:54,BNB,529.27
2023-08-19 19:32:10,FTM,0.2079
2023-06-10 17:21:14,ATOM,8.248
2022-11-21 02:09:35,BNB,253.56
2024-09-10 17:28:55,BOOM,0.0
2023-03-31 04:34:41,BNB,316.92
2023-03-31 04:02:41,BNB,316.92
2023-04-18 16:42:29,ETH,2104.71
2022-12-11 19:19:43,CHZ,0.1437
2023-04-12 18:17:40,ETH,1918.62
2022-07-11 20:28:11,mooRipaepMATIC-MATIC,0.0
2024-04-02 08:51:49,GMX,39.83
2022-07-20 20:33:58,BNB,258.27
2023-04-06 00:31:00,mooStellaxcDOT-GLMR,0.0
2022-12-12 02:54:18,BNB,276.03
2023-11-06 00:28:47,USDT,1.0
2023-11-24 21:05:55,ETH,2082.24
2023-07-13 22:10:10,ATOM,9.897
2022-11-03 15:43:34,SOL,30.85
2023-03-31 06:39:42,RDNT,0.0
2023-10-23 00:36:04,ETH,1766.32
2022-06-13 15:24:36,AVAX,16.09
2024-03-19 10:09:42,ETH,3158.44
2023-03-12 19:27:16,USDT,1.009
2023-04-10 06:27:27,ETH,1911.14
2024-07-29 23:22:17,BNB,574.27
2023-03-28 22:32:11,ETH,1773.6
2023-04-16 15:41:33,BNB,347.8
2023-07-08 00:37:15,ETH,1865.62
2023-05-31 17:15:13,ETH,1874.03
2024-01-21 12:01:55,BNB,318.59
2024-08-22 21:11:06,BNB,583.04
2023-04-08 21:00:09,BNB,310.57
2023-08-19 19:32:12,FTM,0.2079
2022-06-01 11:06:42,ETH,1817.42
2023-03-23 07:48:23,ETH,1817.43
2023-04-09 01:57:37,ETH,1859.73
2022-09-13 18:48:20,BNB,277.5
2024-03-05 21:39:41,USDT,1.001
2023-04-08 20:58:51,variableDebtWBNB,0.0
2023-04-22 06:11:38,ETH,1874.58
2023-04-10 06:53:03,GLP,0.0
2024-05-26 13:31:35,ETH,3824.34
2024-04-21 12:05:49,ETH,3148.11
2023-03-31 06:19:19,BNB,316.92
2024-03-04 20:39:15,ETH,3631.85
2022-06-01 13:03:14,ETH,1817.42
2024-07-06 22:04:32,fsGLP,0.0
2023-04-08 19:52:38,ARB,1.162
2023-04-10 06:38:45,GLP,0.0
2023-12-16 14:02:56,MAGIC,0.8816
2023-04-06 02:44:06,GLMR,0.38
2022-08-10 15:16:07,LINK,9.062
2023-03-16 19:17:47,ETH,1676.86
2023-08-03 11:36:19,USDT,0.9993
2023-05-20 05:49:12,ETH,1820.0
2023-04-06 19:40:01,RDNT,0.0
2023-03-28 19:52:38,mooRipaePFTM-FTM,0.0
2022-07-08 08:58:58,BUSD,1.001
2023-04-06 21:17:11,RDNT,0.0
2023-11-23 00:02:27,MAGIC,0.6783
2024-03-11 07:27:59,ETH,4065.75
2022-05-02 11:26:08,EUR,1.051
2023-05-12 01:33:06,MAGIC,0.87
2022-11-09 21:10:25,BUSD,0.9961
2024-05-16 18:57:31,Cake-LP,0.0
2022-11-06 02:46:40,CHZ,0.2734
2023-03-16 18:07:32,BNB,329.91
2022-11-09 21:53:32,EUR,0.9961
2023-08-19 19:42:30,FTM,0.2079
2022-11-02 17:49:47,BNB,320.23
2022-04-20 10:43:26,SOL,105.59
2022-12-16 22:38:55,USDT,1.002
2022-11-29 00:31:08,BNB,295.28
2023-04-07 23:11:00,EUR,1.09
2022-10-29 15:39:16,EUR,0.9972
2024-01-12 15:13:57,ETH,2522.11
2023-05-21 15:44:05,AVAX,14.32
2023-12-03 16:51:07,ETH,2193.78
2022-06-08 17:34:54,mooStellaxcDOT-GLMR,0.0
2023-04-10 06:38:45,LINK,7.347
2023-01-15 19:33:02,USDT,1.0
2023-07-30 09:28:10,MATIC,0.6974
2023-07-19 11:12:43,MAGIC,0.7699
2022-07-12 19:17:20,BNB,220.23
2024-01-12 15:10:08,ETH,2522.11
2022-08-01 12:09:52,ETH,1630.62
2022-08-03 00:41:01,SOL,38.57
2024-02-03 17:54:37,ETH,2295.87
2024-04-16 12:35:25,z0ezETH,0.0
2023-01-26 00:47:55,Reward Token. Claim reward at https://pusd.site,0.0
2023-09-03 11:42:04,ETH,1635.72
2022-12-19 23:48:45,BNB,240.61
2023-05-22 06:35:57,ETH,1817.83
2022-08-23 18:13:08,EUR,0.9965
2023-04-12 18:18:05,fsGLP,0.0
2022-11-03 15:43:34,USDT,0.9998
2022-04-27 16:17:02,EUR,1.056
2022-06-25 00:11:50,USDT,0.9991
2024-03-10 14:00:36,RDNT,0.393
2024-05-26 15:15:47,Visit uniget.xyz to swap to USDT,0.0
2024-09-28 11:34:15,BNB,601.12
2023-10-21 00:20:11,aMATICc,0.0
2022-09-16 22:34:47,EUR,1.001
2023-03-15 02:14:41,AVAX,15.61
2023-10-22 09:50:34,BNB,217.72
2023-06-05 17:44:37,BNB,277.22
2024-03-02 19:35:41,SNX,4.624
2023-02-22 01:55:41,USDT,1.0
2023-07-13 23:09:11,AVAX,14.11
2024-03-02 20:34:27,SNX,4.624
2023-09-10 07:57:10,BTC,25833.67
2023-09-01 19:44:48,BTC,25798.79
2023-05-25 10:44:50,ETH,1806.04
2023-03-05 02:50:24,BNB,288.7
2023-03-28 15:21:25,BNB,313.29
2023-05-17 16:24:30,AXL,0.5038
2024-03-28 09:25:51,Visit https://www.toros.cash to claim rewards.,0.0
2023-11-16 07:39:20,BNB,242.52
2023-05-09 12:46:41,FTM,0.3707
2024-09-28 11:34:15,rWBNB,0.0
2023-04-06 02:44:06,WGLMR,0.0
2023-04-18 13:43:41,MATIC,1.172
2023-08-04 20:08:23,sTND,0.0
2023-04-12 18:19:28,ETH,1918.62
2023-09-03 11:35:01,rUSDT,0.0
2023-01-17 19:43:55,LINK,6.809
2023-04-14 14:38:48,ETH,2101.73
2023-08-13 09:18:25,BTC,29281.55
2023-10-22 08:05:33,AAVE,79.26
2023-09-17 18:44:41,BTC,26533.12
2023-10-22 09:50:43,LINK,10.2
2023-08-24 16:37:25,wRDNT,0.0
2023-03-05 02:45:52,USDT,1.0
2023-06-03 00:53:08,EUR,1.07
2023-03-12 19:27:16,BNB,290.61
2023-05-12 20:07:03,MAGIC,0.87
2023-04-06 03:32:00,GLMR,0.38
2023-07-05 12:51:25,MATIC,0.6703
2023-04-12 17:16:31,AVAX,18.26
2023-04-05 21:43:58,wHEX,0.0
2022-12-11 19:33:27,GRT,0.06933
2023-07-30 09:28:10,EUR,1.102
2023-05-21 16:39:14,ETH,1805.38
2023-09-03 11:35:01,ETH,1635.72
2023-05-21 16:39:14,sTND,0.0
2023-08-11 20:52:23,CyOp,0.0
2023-09-17 21:02:57,EUR,1.067
2023-08-13 09:18:08,BTC,29281.55
2023-04-06 02:49:24,AVAX,17.99
2023-04-12 18:42:47,AVAX,18.26
2023-07-04 00:04:09,MAGIC,0.8347
2022-12-16 19:23:40,EGLD,39.33
2023-01-15 03:29:12,BNB,302.03
2023-03-30 19:03:56,USDC,1.0
2022-11-25 22:33:58,AAVE,59.1
2023-04-06 02:34:54,WETH,0.0
2023-08-04 21:28:31,AAVE,64.14
2024-06-25 20:32:08,USDT,0.9999
2024-01-18 07:45:15,MAGIC,1.094
2023-03-23 07:24:55,ETH,1817.43
2023-04-06 02:56:54,GLMR,0.38
2022-08-06 18:06:27,USDT,1.002
2023-05-18 16:25:41,Cake,1.85
2022-12-16 22:38:51,ATOM,8.566
2023-05-12 01:32:48,BTC,26807.09
2023-05-01 05:00:24,xcDOT,0.0
2023-02-21 18:56:34,DAI,0.9999
2024-07-05 15:51:41,USDT,1.0
2023-08-18 20:37:39,MATIC,0.5775
2023-06-13 06:48:57,BNB,244.1
2023-01-31 19:22:37,BNB,312.11
2024-07-29 23:25:32,Fyde Points (Claim: www.fyde.cc),0.0
2023-04-06 16:34:37,ETH,1872.91
2023-04-11 05:40:50,ETH,1891.5
2023-04-06 02:49:24,GLMR,0.38
2022-07-19 13:35:50,BUSD,1.0
2023-07-04 00:06:03,ETH,1936.37
2023-08-18 06:25:27,EUR,1.081
2023-01-14 02:19:10,SOL,24.24
2022-12-24 01:13:36,FTM,0.2041
2024-05-26 13:35:09,USDC,1.0
2022-11-10 05:04:14,BUSD,1.0
2023-07-03 22:03:41,MAGIC,0.8512
2023-12-11 10:05:40,BNB,246.3
2023-10-22 08:05:33,USDT,1.0
2022-06-28 12:46:28,USDT,0.9986
2023-07-13 22:10:10,EUR,1.122
2022-04-25 15:02:15,EUR,1.071
2023-03-31 06:00:54,BNB,316.92
2024-07-01 16:35:09,$veJOE rewards on https://www.vejoe.xyz,0.0
2024-01-05 14:57:39,MAGIC,1.087
2023-06-12 17:16:40,LINK,5.16
2024-06-29 15:06:27,电报号 @biZhangHao,0.0
2024-02-03 17:54:09,ETH,2295.87
2022-11-09 21:53:32,BNB,260.82
2023-09-17 11:58:13,AVAX,9.099
2022-10-16 18:03:22,CHZ,0.1815
2023-10-23 00:37:20,ETH,1766.32
2023-04-06 21:20:11,Cake,3.67
2024-08-04 15:07:02,SNX,1.355
2022-07-30 14:15:05,LINK,7.821
2022-12-20 00:00:41,ETH,1216.96
2022-07-19 13:36:02,SOL,44.88
2023-09-17 11:52:27,ETH,1622.81
2022-11-09 16:40:40,BNB,260.82
2024-04-16 12:29:04,ETH,3085.42
2023-05-17 14:46:22,ETH,1822.22
2023-06-14 20:06:24,EUR,1.082
2024-04-13 10:14:05,USDT,1.002
2023-04-06 16:34:58,USDC,0.9997
2022-11-10 05:04:14,BNB,303.18
2023-07-03 22:00:16,EUR,1.091
2023-04-14 14:38:10,ETH,2101.73
2024-04-21 12:03:44,ETH,3148.11
2023-04-08 20:10:19,ETH,1849.91
2023-11-23 12:59:15,EGC,0.0
2024-07-05 15:51:41,USDC,1.0
2022-09-17 15:20:05,DOT,7.059
2022-06-24 22:20:01,USDT,0.9993
2023-05-14 01:39:41,CAKE,1.86
2023-05-17 15:37:55,ETH,1822.22
2022-07-18 18:43:59,MATIC,0.96
2024-03-10 15:14:00,KURO,0.0
2022-06-30 17:32:03,GLMR,0.619
2023-04-16 15:52:55,RDNT,0.0
2023-10-23 00:36:51,ETH,1766.32
2023-03-31 06:45:06,BNB,316.92
2024-03-16 09:15:35,Earn esgmx rewards at https://esgmx.io,0.0
2024-04-12 18:35:52,USDT,1.001
2023-07-30 11:25:54,FTM,0.2401
2024-04-16 10:24:17,USDT,1.0
2023-04-08 20:56:57,rWBNB,0.0
2023-06-03 23:17:30,FTM,0.3208
2023-04-09 17:58:26,BNB,312.88
2023-11-06 00:28:47,GMX,48.38
2023-11-06 00:36:01,GMX,48.38
2022-07-11 19:38:16,ETH,1095.67
2023-08-19 19:38:25,POL,0.0
2023-03-31 06:35:06,BNB,316.92
2023-03-09 19:48:11,BUSD,1.0
2023-05-15 06:56:23,ETH,1817.04
2023-11-05 23:06:52,HBAR,0.05605
2023-05-09 12:50:41,MAGIC,0.8383
2022-11-22 05:26:13,MNEF,0.0
2022-06-01 13:18:00,GLMR,0.0
2023-10-20 22:29:41,MATIC,0.536
2022-07-19 13:36:02,BUSD,1.0
2022-07-19 11:02:39,WFTM,0.0
2023-10-21 00:17:37,POL,0.0
2024-07-06 22:05:09,ETH,3067.54
2023-04-10 06:37:53,ETH,1911.14
2023-03-16 18:07:32,ETH,1676.86
2023-04-24 14:45:57,rWBNB,0.0
2023-08-19 19:32:06,FTM,0.2079
2023-03-23 20:12:46,ARB,0.0
2023-06-13 06:48:57,AXL,0.3885
2024-02-20 17:49:41,USDT,1.0
2023-04-12 17:53:40,AVAX,18.26
2023-04-10 06:44:20,ETH,1911.14
2023-01-16 06:42:46,SOL,23.58
2023-05-16 21:51:01,FTM,0.3797
2023-01-31 20:26:43,FTM,0.5383
2022-07-11 23:04:25,BNB,225.47
2023-04-06 16:32:41,ETH,1872.91
2023-06-02 08:08:35,ETH,1907.36
2022-12-20 00:38:42,ETH,1216.96
2023-01-15 19:33:21,USDT,1.0
2023-05-08 07:48:52,BNB,315.06
2023-05-08 17:39:24,BNB,315.06
2022-12-19 23:48:45,BTC,16442.79
2022-11-04 16:54:59,BUSD,1.0
2023-07-13 21:41:41,MATIC,0.8507
2022-07-11 20:28:11,POL,0.0
2022-11-21 02:09:35,ATOM,9.003
2023-04-10 06:27:40,fsGLP,0.0
2023-11-06 00:26:53,ETH,1901.65
2023-04-14 14:39:57,ETH,2101.73
2023-09-17 11:52:51,USDT,1.0
2023-04-19 22:35:26,USDT,1.001
2023-04-06 03:31:12,GLMR,0.38
2023-04-10 06:36:08,ETH,1911.14
2023-06-13 06:46:12,BNB,244.1
2023-10-21 00:20:11,POL,0.0
2023-05-12 20:10:58,ETH,1808.28
2023-06-05 16:03:50,USDT,1.0
2022-11-14 02:16:23,stETH,1195.71
2024-04-21 12:03:35,ETH,3148.11
2024-07-06 22:04:32,GLP,0.0
2022-07-19 13:26:38,EUR,1.023
2023-07-19 11:12:31,ETH,1888.8
2023-05-11 21:04:53,STG,0.6128
2023-02-26 16:43:29,BNB,308.85
2022-05-10 09:51:32,EUR,1.053
2022-08-06 11:23:52,USDT,1.002
2023-04-08 20:14:19,rWBNB,0.0
2023-08-23 17:13:01,ETH,1679.23
2024-05-27 12:26:15,Claim: https://aerodrome.supply,0.0
2022-07-19 13:33:54,BUSD,1.0
2022-11-09 21:10:25,BNB,260.82
2023-12-03 11:27:36,MAGIC,0.8324
2023-04-06 03:20:52,AVAX,17.99
2022-12-19 23:22:32,EGLD,35.38
2023-03-28 19:57:46,pFTM,0.0
2023-01-17 19:43:55,BNB,299.29
2022-10-31 02:03:09,USDT,0.9998
2023-07-29 22:25:02,EUR,1.101
2023-10-28 09:44:39,RAFFLE TICKET,0.0
2023-03-28 19:48:48,stDOT,0.0
2022-07-19 11:26:09,FTM,0.3401
2022-07-30 14:15:05,USDT,1.0
2022-09-17 15:27:14,DOT,7.059
2022-09-17 17:38:24,mooCurveFstDOT,0.0
2023-07-13 23:09:11,sAVAX,0.0
2024-03-02 20:43:41,ETH,3423.65
2023-08-18 06:47:05,EUR,1.081
2022-11-04 16:54:59,LINK,8.719
2023-03-18 15:40:30,FTM,0.4825
2024-06-24 07:33:37,ETH,3350.54
2023-05-08 18:00:01,AVAX,15.44
2023-05-12 01:32:48,EUR,1.085
2023-04-09 05:26:25,variableDebtWBNB,0.0
2022-07-11 19:38:16,BUSD,0.9998
2023-04-09 02:29:11,MGRT,0.0
2023-04-12 18:42:47,sAVAX,0.0
2022-11-08 19:23:53,BNB,328.25
2023-07-13 23:30:03,POL,0.0
2022-12-03 17:39:22,BUSD,1.0
2023-03-27 14:59:44,BUSD,1.0
2023-05-08 18:00:01,BNB,315.06
2024-07-29 23:20:38,variableDebtWBNB,0.0
2024-04-02 13:25:41,GMX,39.83
2024-03-03 15:33:57,Visit getSHIBA.us to claim rewards,0.0
2023-09-21 19:20:06,AVAX,8.83
2022-08-01 13:56:35,EGLD,58.92
2022-08-18 09:10:30,USDT,0.9999
2023-11-28 09:49:47,BNB,229.67
2023-04-10 06:51:15,USDC,0.9997
2023-07-13 23:31:18,BNB,256.35
2023-12-16 14:07:06,ETH,2227.14
2023-07-13 23:11:50,sAVAX,0.0
2023-04-06 03:04:48,xcDOT,0.0
2022-10-13 12:30:43,ETH,1287.51
2024-03-15 11:36:01,VELO,0.006309
2023-05-09 14:54:22,FTM,0.3707
2024-03-15 11:34:31,ETH,3742.44
2023-04-01 22:12:35,ETH,1821.79
2023-07-13 23:34:51,BNB,256.35
2024-07-05 15:52:20,SNX,1.528
2022-11-08 16:31:14,BTC,18544.7
2024-01-23 14:04:02,MATIC,0.725
2023-04-07 22:50:48,EUR,1.09
2024-02-25 11:20:23,ETH,3112.81
2023-05-08 17:37:11,MAGIC,0.8375
2023-05-17 16:47:24,BSC-Coin,0.0
2023-06-03 23:29:40,ATOM,10.7
2023-04-06 02:34:59,ARB,1.215
2023-02-21 21:25:36,BNB,311.62
2023-10-27 18:09:49,ETH,1779.98
2022-11-09 19:34:38,EUR,0.9961
2024-04-21 12:05:49,sbGMX,0.0
2023-04-08 01:22:39,fGLP,0.0
2024-07-06 22:04:32,ETH,3067.54
2024-04-16 12:35:25,ezETH,0.0
2024-01-12 15:13:10,ETH,2522.11
2023-04-10 07:31:54,USDC,0.9997
2023-06-05 22:53:52,AVAX,13.89
2022-07-23 11:16:18,SOL,39.98
2023-03-27 15:01:25,MATIC,1.046
2023-10-31 12:12:09,BNB,226.35
2023-01-20 22:08:01,SOL,25.54
2022-11-08 20:08:42,BNB,328.25
2023-04-10 06:38:45,ETH,1911.14
2024-06-29 08:58:31,ETH,3373.52
2022-12-11 19:33:53,EUR,1.052
2023-06-18 01:13:52,ETH,1720.51
2023-04-08 20:10:34,ETH,1849.91
2023-03-28 15:21:25,ETH,1773.6
2023-07-13 23:37:00,rWBNB,0.0
2023-03-27 15:01:25,USDT,1.001
2023-11-06 00:36:11,GMX,48.38
2023-11-18 17:31:09,RDNT,0.2526
2022-11-29 14:13:06,KLIMA,0.0
2022-06-22 12:44:01,LINK,6.608
2023-03-12 18:50:38,ETH,1591.86
2022-06-21 18:19:44,LINK,6.848
2023-02-22 01:55:41,DYDX,2.671
2023-03-30 19:01:48,ETH,1793.89
2023-03-05 02:50:24,MATIC,1.136
2023-03-23 07:26:11,ETH,1817.43
2023-04-08 20:56:57,BNB,310.57
2023-05-17 16:24:30,USDT,1.0
2023-04-06 03:45:14,AVAX,17.99
2024-03-03 10:24:51,EXTRA,0.0
2022-05-12 21:11:58,EUR,1.037
2023-03-28 20:31:10,FTM,0.4231
2023-05-21 16:39:14,sbTND,0.0
2024-07-25 16:57:52,ETH,3174.48
2022-11-08 16:31:14,USDT,0.9951
2023-04-06 00:31:00,GLMR,0.38
2024-03-04 20:39:37,ETH,3631.85
2023-02-21 18:56:34,USDT,1.0
2024-03-02 19:57:07,MAGIC,1.366
2024-04-16 10:25:59,ETH,3085.42
2023-04-06 21:19:08,RDNT,0.0
2023-03-05 02:45:52,SOL,20.97
2023-04-03 21:01:49,USDT,1.0
2023-04-06 02:34:54,ARB,1.215
2023-01-06 16:59:48,BNB,259.82
2022-06-01 13:48:20,GLMR,0.0
2023-07-03 22:00:16,MAGIC,0.8512
2023-03-09 20:44:01,USDT,1.0
2023-05-18 16:25:41,USDT,1.0
2022-07-17 08:38:20,GLMR,0.621
2022-08-27 13:19:34,EUR,0.9952
2023-04-10 07:31:54,ETH,1911.14
2023-09-02 07:32:26,ATOM,6.83
2023-02-21 21:25:36,USDT,1.0
2023-05-14 02:23:41,MAGIC,0.8511
2022-11-07 23:07:33,BNB,337.08
2024-06-25 20:32:08,EUR,1.071
2023-03-12 18:50:38,BNB,290.61
2023-11-05 22:53:59,BTC,35039.47
2023-12-12 07:29:35,USDT,0.9996
2023-05-25 06:38:13,Visit https://incr.fi and claim genesis airdrops.,0.0
2022-12-11 19:22:02,EUR,1.052
2022-05-06 16:05:11,SOL,81.65
2022-12-11 19:13:41,ATOM,9.526
2024-04-21 12:03:44,sGMX,0.0
2022-06-08 20:07:07,mooRipaepMATIC-MATIC,0.0
2024-07-25 16:57:52,USDT,0.9998
2022-12-20 00:28:35,DAI,0.9996
2023-04-06 16:33:20,USDC,0.9997
2023-04-10 06:38:45,fsGLP,0.0
2022-09-13 18:48:20,BTC,20173.77
2023-01-20 20:38:48,SOL,25.54
2022-12-16 22:38:51,BNB,231.39
2023-04-08 19:48:37,ARB,1.162
2023-07-05 12:51:25,EUR,1.085
2023-04-16 15:42:30,RDNT,0.0
2023-08-19 17:38:41,BNB,216.67
2022-06-24 15:33:03,ETH,1224.12
2023-08-23 17:13:47,GLP,0.0
2023-03-09 19:48:11,COMP,38.68
2023-12-19 07:06:19,MAGIC,0.8202
2023-04-06 02:29:31,ETH,1872.91
2023-03-23 07:10:39,RDNT,0.0
2024-09-28 11:31:51,variableDebtWBNB,0.0
2023-07-29 22:25:02,FTM,0.2466
2023-04-06 19:41:24,BNB,312.4
2023-04-06 03:03:00,WGLMR,0.0
2024-07-25 19:03:03,ETH,3174.48
2024-01-21 12:01:55,rWETH,0.0
2023-05-17 00:02:46,ETH,1822.22
2023-04-06 02:59:24,GLMR,0.38
2023-01-17 11:22:17,USDT,1.0
2023-10-04 00:36:37,WOR,0.0
2023-04-10 06:37:53,LINK,7.347
2024-02-25 12:22:35,ETH,3112.81
2022-12-19 23:50:54,BNB,240.61
2022-10-13 07:38:37,EUR,0.9764
2023-03-16 19:34:59,CyOp,0.0
2023-09-21 19:20:58,AVAX,8.83
2024-06-30 10:05:17,GMX,28.88
2022-12-15 01:31:55,USDT,1.0
2023-08-03 11:36:19,BTC,29177.75
2023-03-23 07:24:55,RDNT,0.0
2024-03-02 20:32:33,ETH,3423.65
2023-06-13 07:08:25,BNB,244.1
2023-04-10 06:42:26,ETH,1911.14
2022-07-19 13:33:54,SOL,44.88
2023-09-21 19:20:20,sAVAX,0.0
2023-04-11 05:43:26,ETH,1891.5
2024-08-22 21:08:12,BNB,583.04
2023-03-23 05:44:27,BUSD,1.0
2023-04-12 18:18:05,ETH,1918.62
2023-09-17 10:04:29,AVAX,9.099
2024-02-17 08:01:08,MAGIC,1.278
2023-04-12 18:18:05,fGLP,0.0
2023-10-22 09:50:43,USDT,1.0
2023-04-04 16:27:35,ARB,1.236
2023-03-03 01:32:24,BNB,290.47
2023-10-17 11:24:00,USDT,1.0
2022-09-27 15:36:34,LINK,8.054
2022-08-09 08:18:34,ADA,0.5131
2022-08-19 17:11:08,FTM,0.2998
2023-02-16 00:34:16,FTM,0.5278
2024-05-26 13:37:51,ETH,3824.34
2023-10-22 09:50:43,BNB,217.72
2023-03-18 15:40:30,BUSD,0.9998
2023-05-14 01:33:17,EUR,1.084
2023-03-28 19:47:19,GLMR,0.363
2023-05-13 14:19:42,Claim USDC/WETH at https://USDCpool.site,0.0
2022-08-03 00:41:01,EUR,1.015
2024-05-19 18:08:44,BNB,574.48
2023-04-08 21:01:44,variableDebtWBNB,0.0
2023-04-16 15:52:34,BNB,347.8
2023-03-28 19:47:19,DOTSTDOT-f,0.0
2023-01-15 03:29:12,COMP,52.16
2022-10-30 06:04:41,USDT,1.0
2023-03-28 22:30:47,ETH,1773.6
2024-01-25 13:22:59,AVAX,30.47
2024-07-26 20:03:21,BNB,581.1
2023-02-10 03:37:03,BNB,305.76
2023-05-08 07:48:52,BUSD,1.003
2023-03-28 20:00:47,FTM,0.4231
2023-09-17 11:58:13,qisAVAX,0.0
2022-10-31 01:58:10,LINK,7.858
2024-08-22 21:10:03,BNB,583.04
2023-07-08 23:17:40,FTM,0.2759
2023-04-03 21:01:49,ARB,0.0
2023-04-06 21:17:07,ETH,1872.91
2023-03-23 07:40:30,ETH,1817.43
2024-04-22 21:43:53,MENDI,0.0
2023-10-25 12:54:51,LINK,11.06
2022-06-08 17:34:24,GLMR,0.0
2023-04-10 06:25:22,ETH,1911.14
2023-09-01 20:14:28,ETH,1628.51
2023-01-15 19:33:21,BNB,302.03
2023-09-17 21:02:57,USDT,1.0
2023-04-10 06:31:51,ETH,1911.14
2023-03-27 22:45:54,BNB,310.82
2024-02-18 21:24:41,RDNT,0.3247
2023-03-28 22:36:47,ETH,1773.6
2022-08-06 11:23:52,LINK,7.802
2022-09-15 14:01:08,EUR,0.9983
2022-09-17 17:33:48,xcDOT,0.0
2023-04-06 03:32:00,AVAX,17.99
2023-08-04 20:08:23,ETH,1827.52
2023-03-23 06:48:35,ETH,1817.43
2022-11-06 02:46:40,BNB,338.13
2022-09-17 17:37:00,xcDOT,0.0
2024-04-13 10:15:13,GMX,24.07
2023-11-18 18:14:51,rsAVAX-THETA,0.0
2022-12-16 23:34:09,SOL,12.24
2023-09-17 11:58:48,AVAX,9.099
2023-04-11 05:40:55,ETH,1891.5
2023-04-06 01:19:36,AVAX,17.99
2022-11-02 17:49:47,LINK,7.435
2023-10-21 20:29:53,BNB,214.05
2023-06-09 03:50:45,WBNB,0.0
2023-05-11 21:08:12,STG,0.6128
2023-04-06 21:18:39,RDNT,0.0
2023-04-02 22:35:47,ETH,1795.71
2024-03-10 13:54:48,BNB,529.27
2024-01-05 14:57:30,ETH,2270.21
2022-11-14 02:16:23,ETH,1241.39
2023-04-14 14:40:20,ETH,2101.73
2023-07-13 22:16:41,ATOM,9.897
2023-04-10 06:36:08,USDT,1.001
2023-04-12 18:44:12,AVAX,18.26
2022-08-06 18:06:27,EGLD,64.69
2023-01-23 05:42:02,BTC,22917.47
2024-02-17 08:01:08,ETH,2787.0
2023-05-14 03:38:45,Cake,1.86
2022-07-11 20:34:03,pMATIC,0.0
2023-02-26 15:44:42,BNB,308.85
2024-04-16 10:24:17,EUR,1.062
2024-01-21 12:01:55,rBUSD,0.0
2023-02-26 16:47:50,BNB,308.85
2023-04-08 23:44:27,ETH,1849.91
2023-11-18 18:14:51,AVAX,22.0
2022-12-11 19:23:27,BTC,17094.83
2023-07-04 00:02:40,MAGIC,0.8347
2024-03-03 10:24:51,ETH,3489.57
2024-07-06 22:03:40,ETH,3067.54
2023-04-12 18:20:32,GLP,0.0
2023-06-16 20:56:37,ETH,1716.87
2023-04-09 17:58:26,IMO,0.0
2023-09-28 09:30:38,EUR,1.056
2024-02-13 08:17:05,ETH,2641.6
2023-08-13 09:18:25,MATIC,0.6769
2023-09-03 11:29:54,USDT,1.0
2023-08-19 12:23:32,BNB,216.67
2023-09-03 11:37:14,RDNT,0.2194
2022-08-27 13:19:34,SOL,31.52
2023-05-12 05:01:33,Visit https://mpepe.xyz to claim rewards.,0.0
2023-12-05 18:08:44,USDT,1.0
2023-10-23 00:37:20,sTND,0.0112
2023-09-01 19:44:48,EUR,1.077
2022-06-01 10:43:52,EUR,1.065
2022-08-09 09:01:47,ADA,0.5131
2023-04-10 06:38:45,fGLP,0.0
2022-07-08 13:51:28,ETH,1214.0
2022-04-29 09:13:36,DOT,16.18
2023-03-23 05:50:41,ETH,1817.43
2024-04-16 10:25:59,USDT,1.0
2023-08-04 20:07:50,TND,0.0
2023-03-16 18:15:53,BNB,329.91
2023-04-10 06:40:04,ETH,1911.14
2024-03-30 16:01:05,USDT,1.001
2023-03-31 06:34:06,rWBNB,0.0
2023-04-06 02:39:06,GLMR,0.38
2023-03-27 22:45:54,ETH,1716.29
2023-10-23 00:37:20,sbTND,0.0
2023-08-04 10:20:15,ETH,1827.52
2024-04-13 10:13:47,BNB,554.04
2024-08-04 15:07:02,USDT,0.9996
2022-12-03 17:39:22,ATOM,10.0
2023-08-03 16:40:38,ETH,1834.44
2023-08-04 21:33:41,ATOM,8.47
2023-03-28 20:34:41,ETH,1773.6
2023-01-20 22:08:01,USDT,1.0
2023-11-06 00:35:39,ETH,1901.65
2022-11-08 19:08:31,EUR,1.005
2023-06-04 17:03:41,FTM,0.3265
2022-06-13 15:24:36,EUR,1.041
2024-04-16 12:27:31,ETH,3085.42
2022-12-16 19:23:40,BUSD,1.001
2023-05-08 01:44:43,BUSD,1.003
2023-07-07 18:20:01,FTM,0.2682
2022-06-01 11:25:42,GLMR,0.0
2023-03-28 17:23:59,ETH,1773.6
2022-06-25 00:11:50,ETH,1241.0
2023-08-23 16:10:28,ETH,1679.23
2022-10-29 15:39:16,BNB,304.64
2022-12-12 20:39:00,EUR,1.055
2023-06-09 03:49:45,BNB,260.6
2023-04-10 06:27:40,fGLP,0.0
2023-11-06 00:28:37,ETH,1901.65
2024-01-21 12:01:55,rWBNB,0.0
2023-04-12 17:16:05,AVAX,18.26
2023-04-06 02:56:42,GLMR,0.38
2023-08-30 05:48:39,Factr,0.0
2022-08-18 09:10:30,BNB,298.11
2023-05-08 17:39:24,FTM,0.367
2022-10-31 12:45:39,BNB,325.59
2023-04-09 05:26:25,BNB,312.88
2024-03-15 11:34:43,USDT,1.0
2023-12-11 01:15:19,MAGIC,0.9229
2024-02-18 15:46:51,EUR,1.078
2023-05-23 19:37:17,ETH,1854.48
2023-06-05 15:45:43,BNB,277.22
2023-03-09 19:48:11,BNB,277.24
2022-08-05 09:48:51,EUR,1.018
2023-07-27 21:50:50,EUR,1.097
2023-04-12 18:37:26,DAI,0.9997
2023-10-22 12:17:07,FTM,0.2086
2024-04-13 10:14:05,BNB,554.04
2023-01-17 11:22:17,BNB,299.29
2023-03-31 06:16:09,BNB,316.92
2024-07-25 17:01:42,ETH,3174.48
2022-12-11 19:33:53,THETA,0.8446
2022-12-19 00:21:39,BNB,240.61
2024-08-29 11:10:29,GMX,25.72
2022-12-16 22:38:55,EGLD,39.33
2023-04-10 06:53:03,fGLP,0.0
2023-08-23 17:13:47,tfsGLP,0.0
2024-01-09 21:01:57,ETH,2344.97
2024-07-06 22:03:40,tfsGLP,0.0
2023-04-06 19:40:01,ETH,1872.91
2023-06-13 02:53:48,ETH,1739.4
2022-07-20 20:39:27,USDC,0.9997
2024-02-13 08:17:31,ETH,2641.6
2022-07-14 18:21:04,EUR,1.003
2023-04-10 06:29:39,USDC,0.9997
2023-04-10 06:41:22,ETH,1911.14
2023-04-11 05:43:17,ETH,1891.5
2023-04-06 19:40:39,RDNT,0.0
2023-05-09 01:20:45,EUR,1.097
2022-09-17 17:37:00,stDOT,0.0
2023-04-22 03:16:34,BUSD,0.9999
2024-08-22 21:11:42,BNB,583.04
2023-05-16 15:39:42,ETH,1824.54
2024-03-02 20:37:25,GRT,0.3181
2023-01-31 19:22:37,FTM,0.5383
2023-07-30 11:23:17,FTM,0.2401
2023-03-31 04:31:34,BUSD,1.0
2023-07-04 00:04:02,ETH,1936.37
2022-06-24 15:33:03,USDT,0.9993
2023-06-13 00:56:41,ETH,1739.4
2023-06-10 17:36:41,ATOM,8.248
2024-01-21 12:01:55,rBTCB,0.0
2022-12-20 00:33:05,ETH,1216.96
2023-03-28 22:21:00,ETH,1773.6
2022-11-09 19:34:38,BNB,260.82
2022-07-16 16:01:15,EUR,1.009
2023-12-16 11:24:58,ETH,2227.14
2023-04-06 02:34:54,ETH,1872.91
2023-04-10 06:31:28,ETH,1911.14
2023-08-03 16:42:35,ETH,1834.44
2024-02-25 12:23:11,ETH,3112.81
2023-05-17 16:22:42,AXL,0.5038
2024-03-19 10:03:32,ETH,3158.44
2023-03-09 20:44:01,BNB,277.24
2023-04-08 20:24:33,BNB,310.57
2022-12-19 23:50:54,BTC,16442.79
2022-10-31 02:03:09,LINK,7.858
2022-09-27 15:36:34,USDT,0.9989
2022-10-30 06:04:41,LINK,7.784
2023-04-06 21:20:02,BNB,312.4
2023-03-15 02:14:41,USDT,1.004
2024-08-29 09:13:43,SNX,1.362
2023-08-04 20:07:50,esTND,0.0
2023-04-06 02:59:24,xcDOT,0.0
2023-05-18 16:27:44,USDT,1.0
2024-04-16 12:29:13,ETH,3085.42
2023-04-06 02:55:18,WGLMR,0.0
2023-03-24 17:43:29,BNB,322.49
2023-09-21 19:20:20,AVAX,8.83
2023-03-22 04:53:11,EUR,1.084
2022-09-17 17:37:00,DOTSTDOT-f,0.0
2023-04-10 06:47:51,ETH,1911.14
2023-04-10 06:53:51,GLP,0.0
2022-07-29 14:31:25,USDT,0.9998
2023-10-21 20:29:53,LINK,8.914
2022-09-09 14:26:04,BTC,21369.73
2024-03-02 19:56:58,ETH,3423.65
2023-03-31 04:30:56,BUSD,1.0
2023-03-28 22:33:23,wstETH,0.0
2023-09-02 07:32:26,EUR,1.077
2023-11-16 07:39:41,USDT,1.0
2022-07-25 23:49:15,USDC,1.0
2023-03-23 06:46:35,ETH,1817.43
2022-06-08 19:52:53,ETH,1791.03
2023-03-23 07:22:30,ETH,1817.43
2023-07-07 18:19:11,FTM,0.2682
2023-02-10 03:37:03,MATIC,1.231
2024-03-19 21:49:55,VELO,0.005478
2022-06-08 22:52:29,GLMR,0.0
2023-04-10 06:39:15,ETH,1911.14
2022-09-17 17:29:36,GLMR,0.516
2023-04-12 17:42:30,AVAX,18.26
2023-04-08 21:03:53,BNB,310.57
2023-01-06 16:59:48,BTC,16946.16
2022-10-13 07:38:37,ATOM,11.35
2023-04-10 06:44:20,LINK,7.347
2024-02-25 11:24:41,ETH,3112.81
2022-06-08 17:34:54,WGLMR,0.0
2023-09-17 11:52:51,WETH,0.0
2023-04-06 03:04:48,GLMR,0.38
2024-03-20 13:41:15,Claim $eETH rewards at https://eeth.fi,0.0
2023-05-12 06:38:39,ETH,1808.28
2023-10-25 12:54:51,USDT,1.0
2023-04-08 02:07:23,ETH,1849.91
2023-04-10 06:47:51,fGLP,0.0
2023-02-21 18:19:36,AVAX,20.97
2022-05-10 11:03:38,EUR,1.053
2023-04-10 06:31:51,USDC,0.9997
2022-06-15 17:08:47,BTC,22566.73
2022-11-14 02:10:47,ETH,1241.39
2023-11-18 19:35:30,USDT,1.001
2023-08-19 19:32:17,FTM,0.2079
2023-01-31 19:21:11,DAI,0.9997
2023-04-12 18:20:32,fsGLP,0.0
2023-04-06 03:03:00,GLMR,0.38
2022-07-11 20:33:33,POL,0.0
2022-11-07 23:07:33,SOL,29.62
2023-04-10 06:53:51,fsGLP,0.0
2023-08-18 06:47:05,AAVE,55.83
2022-06-02 12:50:49,SOL,40.82
2024-10-03 14:44:54,$AVA (https://avalaunch.farm),0.0
2023-08-03 16:37:53,ETH,1834.44
2022-12-19 23:53:53,ETH,1167.68
2024-04-02 13:25:41,USDT,1.0
2024-02-18 22:23:28,RDNT,0.3247
2023-06-04 19:09:45,FTM,0.3265
2023-04-06 02:32:21,ETH,1872.91
2024-03-02 19:57:07,ETH,3423.65
2023-06-05 16:03:50,AVAX,13.89
2023-02-16 01:34:01,FTM,0.5278
2023-04-10 06:27:40,GLP,0.0
2023-04-18 14:19:42,SOL,24.83
2023-03-16 18:07:32,EUR,1.06
2023-07-13 21:32:41,BNB,256.35
2023-05-08 17:39:24,BUSD,1.003
2023-04-07 23:22:41,ETH,1864.89
2024-03-02 19:38:40,GRT,0.3181
2022-11-14 01:08:41,ETH,1241.39
2023-03-23 07:02:14,ETH,1817.43
2023-03-27 22:52:41,ETH,1716.29
2023-04-01 22:17:04,ETH,1821.79
2023-03-30 19:03:02,ETH,1793.89
2022-07-19 11:02:39,mooRipaePFTM-FTM,0.0
2023-07-13 23:35:42,BNB,256.35
2022-06-08 22:52:29,EUR,1.071
2022-04-27 16:17:02,UST,0.0
2023-03-28 17:47:37,ETH,1773.6
2023-01-23 05:42:02,ETH,1626.47
2023-11-13 07:00:48,MAGIC,0.6372
2023-07-09 01:19:44,FTM,0.268
2024-07-25 19:03:03,MENDI,0.0
2023-08-24 13:07:27,rWBNB,0.0
2023-07-13 21:22:00,BNB,256.35
2023-03-31 06:35:27,WBNB,0.0
2022-06-28 16:24:30,LINK,6.304
2023-04-10 06:47:06,fsGLP,0.0
2023-04-06 02:49:24,WGLMR,0.0
2023-01-17 19:43:55,USDT,1.0
2022-12-15 01:31:28,XTZ,0.9559
2022-08-06 16:58:12,LINK,7.802
2024-06-30 10:05:17,USDT,0.9986
2023-03-05 02:50:24,USDT,1.0
2023-04-06 19:41:00,BNB,312.4
2023-07-13 23:37:00,BNB,256.35
2022-12-15 01:31:55,COMP,39.53
2023-05-27 20:47:45,wHEX,0.0
2022-06-21 09:26:45,LINK,6.848
2022-06-01 10:43:52,BTC,29789.58
2023-05-14 01:35:02,BTC,26931.44
2023-05-30 02:15:54,ETH,1901.19
2024-03-15 11:36:01,ETH,3742.44
2023-03-22 04:53:11,BNB,321.78
2023-06-04 19:02:42,FTM,0.3265
2023-05-08 17:37:11,BUSD,1.003
2023-05-24 21:11:25,ETH,1799.99
2022-07-20 20:34:26,USDT,1.0
2023-09-17 12:09:01,AVAX,9.099
2023-04-21 19:07:35,USDT,0.9999
2023-04-12 18:20:32,tfsGLP,0.0
2023-05-09 14:47:36,MAGIC,0.8383
2024-04-02 08:51:49,USDT,1.0
2023-02-21 18:19:36,BUSD,1.001
2022-07-18 18:43:59,BUSD,0.9975
2023-04-24 14:45:57,BNB,331.35
2023-04-10 06:27:40,tfsGLP,0.0
2023-04-06 03:03:00,xcDOT,0.0
2023-03-28 19:26:42,DOTSTDOT-f,0.0
2022-11-21 02:09:35,BUSD,0.9999
2023-04-10 06:52:14,USDC,0.9997
2023-06-18 01:14:35,ETH,1720.51
2024-04-16 10:28:41,ETH,3085.42
2023-09-03 11:42:04,USDT,1.0
2023-04-06 02:54:30,GLMR,0.38
2024-07-05 15:51:41,BNB,497.75
2022-07-11 20:31:05,POL,0.0
2023-05-18 16:25:41,AXL,0.4906
2023-12-11 10:05:55,BNB,246.3
2022-07-31 20:13:13,EUR,1.02
2023-04-10 06:53:51,tfsGLP,0.0
2023-01-16 06:42:46,USDT,1.0
2023-04-06 21:20:11,BNB,312.4
2023-01-31 20:27:44,FTM,0.5383
2023-09-02 09:18:40,ETH,1636.88
2023-05-17 16:18:00,XEN,0.0
2024-02-24 20:12:08,USDT,1.0
2023-11-18 19:35:30,UNI,5.064
2024-07-25 19:01:41,ETH,3174.48
2023-04-10 06:41:37,GLP,0.0
2024-01-23 14:04:02,USDT,0.9994
2023-01-17 14:23:14,LINK,6.809
2023-09-08 07:44:58,BNB,214.59
2024-07-27 23:15:12,BNB,581.74
2022-08-09 08:18:34,USDT,1.001
2024-07-25 19:13:13,Fyde Points (Claim: www.fyde.cc),0.0
2023-08-20 15:17:41,PUNKWL.XYZ,0.0
2023-04-10 06:47:06,fGLP,0.0
2024-01-05 14:57:39,ETH,2270.21
2023-03-30 19:01:48,USDC,1.0
2023-03-28 15:21:25,EUR,1.083
2023-04-12 18:20:32,fGLP,0.0
2023-04-06 21:20:11,RDNT,0.0
2023-03-31 06:12:45,rWBNB,0.0
2023-08-19 19:40:02,FTM,0.2079
2023-06-12 19:15:00,LINK,5.16
2024-07-06 22:05:17,DAI,0.9997
2024-03-04 20:39:37,USDT,1.001
2023-09-01 20:14:28,EUR,1.077
2023-04-24 14:47:27,variableDebtWBNB,0.0
2023-05-09 15:00:01,AVAX,15.34
2023-04-10 06:47:51,GLP,0.0
2022-07-18 09:10:13,MATIC,0.96
2022-07-11 19:37:22,BNB,225.47
2024-03-19 21:49:43,ETH,3158.44
2023-04-06 20:41:03,USDT,1.0
2022-12-14 19:02:41,USDT,0.9999
2023-02-26 16:45:26,BNB,308.85
2022-07-14 18:23:03,EUR,1.003
2023-08-18 20:37:39,EUR,1.081
2023-01-14 02:19:10,USDT,1.0
2023-05-17 15:27:25,BNB,314.35
2023-05-12 05:05:26,Visit https://npepe.xyz and claim rewards.,0.0
2024-01-25 13:20:47,POL,0.0
2023-05-08 01:43:33,BUSD,1.003
2023-06-03 23:15:01,EUR,1.07
2023-01-15 19:33:38,BNB,302.03
2024-08-22 21:11:06,rWBNB,0.0
2023-09-01 22:30:30,ETH,1628.51
2024-03-19 10:15:58,ETH,3158.44
2023-06-03 00:53:08,ETH,1892.63
2023-04-08 19:58:53,USDC,1.0
2023-04-08 20:10:34,ARB,1.162
2022-11-09 16:40:40,SOL,14.17
2023-04-06 02:59:24,WGLMR,0.0
2023-01-15 19:33:02,BNB,302.03
2024-03-03 10:24:51,USDT,1.001
2023-09-17 12:08:51,AVAX,9.099
2023-03-31 06:33:09,BNB,316.92
2022-12-19 23:53:53,USDT,1.0
2023-04-12 18:47:15,AVAX,18.26
2023-04-08 19:59:18,ARB,1.162
2024-04-16 12:30:34,ETH,3085.42
2022-06-08 19:54:50,MATIC,0.6061
2022-12-16 22:38:51,EUR,1.06
2023-04-06 02:28:37,ETH,1872.91
2023-03-27 14:59:44,BNB,310.82
2023-04-12 18:18:05,GLP,0.0
2023-09-03 11:29:54,ARB,0.9048
2023-08-19 19:45:03,FTM,0.2079
2023-03-28 20:00:56,pFTM,0.0
2023-04-10 06:47:06,GLP,0.0
2024-08-01 15:01:10,USDT,0.9991
2022-12-11 19:19:43,EUR,1.052
2023-11-26 01:23:54,sAVAX,0.0
2024-02-24 20:12:08,SNX,4.041
2023-08-04 10:20:15,BETH,1825.88
2023-04-08 19:47:36,ETH,1849.91
2023-03-28 22:58:00,ETH,1773.6
2024-02-25 12:23:11,rEARN-stETH,0.0
2023-04-10 06:41:37,fGLP,0.0
2023-09-02 11:18:06,ETH,1636.88
2022-12-11 19:22:02,BTC,17094.83
2022-07-16 16:01:15,SOL,39.59
2023-04-12 17:17:00,AVAX,18.26
2023-08-13 09:33:41,MATIC,0.6769
2022-12-20 01:28:11,DAI,0.9996
2022-06-08 17:31:12,GLMR,0.0
2023-08-03 11:36:02,BTC,29177.75
2022-07-11 19:27:14,MATIC,0.5628
2023-03-31 06:38:36,BNB,316.92
2022-07-18 18:41:07,BUSD,0.9975
2023-04-16 15:47:49,RDNT,0.0
2023-05-18 16:27:11,BNB,309.27
2023-05-17 16:25:33,BNB,314.35
2024-01-06 13:09:29,ETH,2241.73
2023-10-23 00:36:51,TND,0.0
2023-12-05 18:08:44,AVAX,24.55
2023-04-06 02:55:18,xcDOT,0.0
2023-03-22 04:53:11,LINK,7.189
2023-05-30 06:10:22,ETH,1901.19
2022-07-29 14:31:25,LINK,7.882
2022-08-01 18:14:39,LINK,7.576
2023-05-17 14:12:47,EUR,1.084
2023-07-09 01:16:58,FTM,0.268
2022-08-20 22:27:24,2XCO,0.0
2023-06-10 13:21:00,EUR,1.07
2022-07-19 09:01:30,FTM,0.3401
2023-11-06 00:26:53,USDT,1.0
2023-05-08 01:43:33,MAGIC,0.8375
2023-05-18 16:27:44,BNB,309.27
2022-08-24 08:27:35,MATIC,0.8135
2023-04-08 19:52:02,ETH,1849.91
2023-04-10 06:51:53,ETH,1911.14
2024-02-18 15:34:31,USDT,1.0
2024-05-26 13:38:02,ETH,3824.34
2022-06-21 18:19:44,USDT,0.9987
2024-05-13 12:16:41,SNX,2.415
2023-05-09 13:02:41,AVAX,15.34
2024-01-21 12:01:55,rUSDC,0.0
2023-03-28 20:35:53,USDC,0.9998
2023-03-28 19:57:46,FTM,0.4231
2023-04-14 14:40:37,ETH,2101.73
2023-05-11 21:00:06,xcDOT,0.0
2024-02-17 08:02:18,ETH,2787.0
2022-12-11 22:38:10,BUSD,1.0
2023-04-08 01:24:30,ETH,1849.91
2023-01-31 19:25:41,FTM,0.5383
2023-03-23 20:12:46,ETH,1817.43
2023-07-13 23:35:42,WBNB,0.0
2022-09-29 12:38:08,LINK,7.901
2022-08-02 09:53:40,LINK,7.175
2023-04-10 06:53:36,ETH,1911.14
2023-04-10 06:41:37,tfsGLP,0.0
2022-12-19 00:21:39,SOL,11.94
2023-05-17 16:24:06,BNB,314.35
2022-05-12 22:24:52,EUR,1.037
2023-04-08 19:58:53,ETH,1849.91
2024-03-04 20:39:37,VELO,0.006452
2022-08-05 18:54:15,VET,0.0315
2023-05-21 16:36:21,ETH,1805.38
2023-09-17 11:58:40,AVAX,9.099
2022-12-20 01:37:11,ETH,1216.96
2023-06-10 13:21:00,LINK,5.24
2023-01-17 11:22:17,SOL,22.89
2023-04-16 15:49:52,rWBNB,0.0
2023-06-12 19:05:39,ARB,0.9794
2023-04-02 23:15:59,ETH,1795.71
2022-12-24 05:22:43,SOL,11.45
2024-03-02 20:43:41,USDT,1.001
2022-12-13 21:58:08,USDT,0.9999
2024-02-25 11:20:23,USDT,1.0
2023-06-10 17:21:14,EUR,1.07
2023-04-10 06:44:20,USDC,0.9997
2022-12-15 01:31:28,USDT,1.0
2023-04-12 18:20:32,ETH,1918.62
2023-05-11 20:42:00,GLMR,0.281
2022-12-24 00:14:41,FTM,0.2041
2023-02-22 01:55:41,BNB,312.34
2024-03-21 08:43:13,EUR,1.086
2023-06-10 04:26:34,ARB,0.994
2022-12-11 19:23:27,OSMO,0.9354
2023-03-23 07:47:46,ETH,1817.43
2023-08-03 16:29:14,ARB,1.129
2022-11-19 13:39:08,www.uniswap.cab,0.0
2024-03-20 16:06:40,MAGIC,1.106
2023-11-16 07:39:41,BNB,242.52
2023-05-18 19:22:00,BNB,309.27
2023-02-20 06:34:46,BUSD,0.9997
2023-03-16 18:04:47,EUR,1.06
2023-04-10 06:47:38,ETH,1911.14
2023-12-03 12:35:07,ETH,2193.78
2023-04-18 16:44:12,ETH,2104.71
2023-05-12 01:33:06,BTC,26807.09
2023-03-16 18:00:57,EUR,1.06
2023-11-18 19:34:44,AVAX,22.0
2024-03-10 14:00:24,BNB,529.27
2023-08-04 21:29:32,ATOM,8.47
2022-09-17 17:36:48,GLMR,0.516
2022-08-18 09:10:30,GLMR,0.642
2023-04-10 06:53:03,LINK,7.347
2023-04-06 21:12:45,ETH,1872.91
2023-08-02 22:54:25,EUR,1.095
2023-05-21 15:44:05,USDT,1.0
2024-07-06 22:04:32,DAI,0.9997
2022-09-17 17:36:24,GLMR,0.516
2024-02-17 08:01:00,ETH,2787.0
2023-04-06 02:55:18,GLMR,0.38
2022-12-11 19:00:51,EUR,1.052
2022-06-08 17:34:54,STELLA LP,0.0
2022-12-12 20:39:00,ATOM,9.616
2022-06-08 12:37:54,GLMR,0.0
2024-04-06 10:31:41,USDT,1.0
2023-07-25 10:31:25,usd-rewards.xyz,0.0
2023-07-04 00:04:09,ETH,1936.37
2023-04-08 20:14:19,BNB,310.57
2022-06-01 13:47:18,GLMR,0.0
2023-04-08 19:58:38,ETH,1849.91
2022-10-16 18:03:22,EUR,0.9739
2022-11-14 02:06:11,ETH,1241.39
2023-05-21 16:36:21,esTND,0.0
2023-04-10 06:38:15,ETH,1911.14
2023-04-04 14:30:41,ARB,1.236
2024-02-13 08:16:55,ETH,2641.6
2022-07-11 20:31:05,pMATIC,0.0
2023-05-30 06:10:22,MAGIC,1.03
2023-04-08 20:52:36,BNB,310.57
2024-04-21 12:05:49,GMX,29.71
2023-09-02 09:21:40,ATOM,6.83
2023-04-08 19:48:37,USDC,1.0
2022-11-08 16:31:14,BNB,328.25
2023-11-18 17:31:09,USDT,1.001
2022-06-15 17:10:49,LINK,7.316
2023-03-28 20:28:49,EUR,1.083
2023-03-09 20:44:01,LINK,6.16
2023-03-31 13:58:58,NASA,0.0
2023-05-18 15:34:08,ETH,1800.84
2023-03-28 20:35:16,USDC,0.9998
2023-02-21 21:25:36,DYDX,2.721
2023-04-02 23:21:41,hUSDC,0.0
2022-05-02 12:30:02,EUR,1.051
2022-12-24 05:22:43,USDT,1.0
2023-11-23 00:02:04,ETH,2062.63
2022-07-18 18:41:07,SOL,43.54
2023-04-18 16:42:39,ETH,2104.71
2022-12-19 23:50:54,USDT,1.0
2023-04-08 20:58:51,BNB,310.57
2023-05-14 04:20:33,MAGIC,0.8511
2023-04-02 00:07:33,POL,0.0
2024-07-05 15:52:20,USDT,1.0
2023-03-31 06:39:42,BNB,316.92
2023-04-06 02:52:06,GLMR,0.38
2022-06-01 10:54:38,EUR,1.065
2023-08-17 06:50:53,EUR,1.085
2024-01-01 14:03:12,rWBNB,0.0
2023-09-17 12:09:01,WAVAX,0.0
2022-12-12 21:42:41,ATOM,9.616
2022-08-24 08:27:35,BNB,296.34
2023-04-06 21:17:11,ETH,1872.91
2023-03-28 22:37:11,ETH,1773.6
2023-04-18 06:12:44,BNB,343.17
2024-07-18 11:14:10,esGMX,0.0
2022-07-21 11:29:06,BUSD,0.9997
2023-03-28 20:31:10,USDC,0.9998
2024-04-16 12:38:52,ETH,3085.42
2022-07-19 11:00:41,FTM,0.3401
2022-07-11 19:37:22,BUSD,0.9998
2022-08-14 17:01:14,LINK,8.764
2023-04-06 03:04:48,AVAX,17.99
2022-11-09 09:51:28,EUR,0.9961
2023-11-06 00:36:01,WETH,0.0
2023-03-05 02:45:52,BNB,288.7
2023-05-01 05:00:24,GLMR,0.332
2023-08-19 17:40:42,FTM,0.2079
2023-05-08 01:43:33,BNB,315.06
2023-05-08 01:44:43,BNB,315.06
2022-05-06 16:12:11,SOL,81.65
2023-01-31 19:21:11,USDT,1.0
2022-11-08 17:27:17,BTC,18544.7
2023-12-15 11:19:20,USDT,1.0
2023-12-03 16:52:52,ETH,2193.78
2023-10-28 10:56:24,RAFFLE TICKET,0.0
2023-04-06 16:33:20,CyOp,0.0
2023-04-10 06:47:51,fsGLP,0.0
2023-04-06 19:41:24,RDNT,0.0
2023-09-17 11:58:13,sAVAX,0.0
2023-03-31 06:35:27,BNB,316.92
2022-09-02 12:58:59,2XBNB,0.0
2024-02-15 21:33:00,FTM,0.4164
2023-05-21 16:39:14,esTND,0.0
2023-04-08 01:35:34,ETH,1849.91
2023-04-10 06:37:40,ETH,1911.14
2022-06-15 17:08:47,EUR,1.045
2022-08-01 12:09:52,EUR,1.025
2022-11-09 09:51:28,BNB,260.82
2024-03-02 19:31:20,ETH,3423.65
2022-06-01 11:14:37,GLMR,0.0
2022-12-20 01:12:11,ETH,1216.96
2022-12-20 01:06:11,ETH,1216.96
2023-04-06 02:58:18,GLMR,0.38
2023-04-06 16:34:58,ARB,1.215
2023-09-17 12:05:51,AVAX,9.099
2024-04-05 17:45:52,GMX,39.91
2024-04-22 10:24:37,ACX [via www.across.cash],0.0
2024-04-14 13:45:46,BNB,567.1
2023-04-10 06:25:50,ETH,1911.14
2022-06-28 12:46:28,LINK,6.304
2023-09-17 11:52:51,ETH,1622.81
2023-05-17 16:15:42,BNB,314.35
2023-03-18 15:42:36,BUSD,0.9998
2024-03-19 10:16:32,ETH,3158.44
2023-05-14 03:40:00,BNB,312.4
2023-04-06 02:39:06,STELLA LP,0.0
2022-07-23 11:16:18,USDT,1.0
2023-12-16 14:02:56,ETH,2227.14
2024-05-26 13:31:35,USDC,1.0
2022-07-12 19:17:20,ETH,1037.37
2023-04-08 01:22:39,fsGLP,0.0
2024-07-05 06:15:13,USDC,1.0
2023-11-18 19:34:44,USDT,1.001
2023-04-08 20:25:00,BNB,310.57
2023-09-03 11:42:04,rUSDT,0.0
2023-01-17 14:23:14,BNB,299.29
2022-08-11 20:48:04,FTM,0.3921
2023-04-16 15:41:33,Cake,3.67
2023-04-18 04:14:41,BNB,343.17
2022-07-19 11:21:02,FTM,0.3401
2023-08-04 21:29:32,EUR,1.096
2022-08-30 11:32:05,2XBNB,0.0
2023-04-08 19:59:18,ETH,1849.91
2023-05-17 16:24:30,BNB,314.35
2024-08-01 15:01:10,ATOM,5.777
2024-07-29 23:22:41,rWBNB,0.0
2024-02-15 21:31:21,FTM,0.4164
2023-09-01 19:41:02,EUR,1.077
2023-06-13 06:48:57,USDT,0.9998
2022-12-11 22:38:10,LINK,6.704
2023-02-20 06:34:46,BNB,315.25
2023-03-28 22:58:35,wstETH,0.0
2023-05-18 16:27:44,AXL,0.4906
2022-12-13 21:58:08,NEAR,1.708
2023-01-31 20:24:27,FTM,0.5383
2024-03-19 21:49:55,ETH,3158.44
2024-03-30 16:01:05,GMX,44.83
2022-06-15 07:29:20,EUR,1.045
2023-03-31 06:34:06,BNB,316.92
2023-03-28 22:58:35,ETH,1773.6
2023-05-17 14:15:42,BNB,314.35
2023-05-18 16:28:05,BNB,309.27
2024-09-21 14:24:31,ACT,0.000284
2023-07-30 09:24:41,FTM,0.2401
2023-07-19 11:12:43,ETH,1888.8
2023-05-08 17:37:11,BNB,315.06
2022-11-08 19:23:53,BUSD,1.0
2023-04-08 20:52:36,rWBNB,0.0
2023-04-01 22:17:31,ETH,1821.79
2023-12-12 07:29:35,UNI,6.228
2023-05-21 16:26:17,ETH,1805.38
2023-04-01 22:17:31,ARB,0.0
2023-10-22 12:16:08,FTM,0.2086
2024-07-05 06:15:13,EUR,1.083
2024-09-13 09:19:26,Cake-LP,0.0
2022-09-17 17:37:00,GLMR,0.516
2023-08-12 12:06:47,BNB,240.18
2023-09-18 22:26:46,BNB,216.02
2023-01-23 03:35:55,FTM,0.4019
2023-10-23 00:36:51,esTND,0.0
2023-04-06 02:38:30,GLMR,0.38
2022-08-19 17:06:42,FTM,0.2998
2023-04-16 15:52:55,WBNB,0.0
2023-10-16 07:08:55,ETH,1600.09
2023-05-17 00:02:28,ETH,1822.22
2024-03-25 05:35:35,Cake-LP,0.0
2024-02-18 15:56:41,USDT,1.0
2023-05-08 01:44:43,MAGIC,0.8375
2022-10-30 15:06:03,LINK,7.784
2023-05-17 16:14:45,BNB,314.35
2023-03-18 15:42:36,DYDX,2.664
2023-07-03 05:21:09,Claim USDC at https://cusdc.disusd.eth.limo,0.0
2023-09-17 11:58:40,QI,0.005144
2023-09-01 22:31:57,ETH,1628.51
2023-05-14 01:35:02,CAKE,1.86
2023-04-16 15:49:52,BNB,347.8
2023-09-03 11:38:29,RDNT,0.2194
2023-04-10 06:47:06,LINK,7.347
2023-11-18 19:35:08,SNX,2.977
2023-04-06 21:15:51,ETH,1872.91
2023-04-10 06:52:52,ETH,1911.14
2024-05-26 13:50:38,NILE,0.0
2022-09-17 17:38:24,GLMR,0.516
2024-07-25 20:31:30,Cake-LP,0.0
2022-07-15 07:54:18,EUR,1.008
2024-04-22 21:43:53,ETH,3201.55
2023-05-22 06:25:51,AVAX,14.67
2023-06-03 23:17:30,BNB,306.8
2023-04-16 15:47:31,BNB,347.8
2023-04-18 16:42:39,DAI,0.9999
2022-07-20 20:33:58,BUSD,1.0
2022-08-09 13:56:30,MATIC,0.8913
2023-01-23 03:38:08,FTM,0.4019
2023-08-04 20:08:23,esTND,0.0
2024-04-12 18:35:52,SNX,3.252
2023-06-13 06:46:12,Cake,1.397
2023-03-27 15:01:25,BNB,310.82
2023-01-17 14:23:14,USDT,1.0
2022-07-19 09:21:22,FTM,0.3401
2023-05-15 07:01:35,ETH,1817.04
2023-08-13 09:18:08,ETH,1839.07
2023-03-28 22:33:23,stETH,1740.61
2022-11-09 19:34:38,MATIC,0.8092
2023-03-23 07:10:39,ETH,1817.43
2023-01-15 19:34:36,BNB,302.03
2023-03-28 20:28:49,ETH,1773.6
2024-04-21 12:05:49,sGMX,0.0
2023-05-08 07:48:52,FTM,0.367
2022-06-01 08:11:12,EUR,1.065
2023-04-10 07:31:41,ETH,1911.14
2023-03-31 06:12:45,BNB,316.92
2023-04-16 15:42:30,BNB,347.8
2023-03-28 15:27:41,ETH,1773.6
2022-10-31 02:54:35,CHZ,0.2211
2024-02-15 21:31:26,FTM,0.4164
2022-08-19 15:11:31,FTM,0.2998
2024-09-28 11:31:51,BNB,601.12
2022-07-20 20:33:58,BTC,23222.77
2024-04-05 15:46:41,GMX,39.91
2022-05-13 07:45:23,NEAR,6.519
2024-02-18 15:34:31,EUR,1.078
2023-09-28 09:30:38,USDT,1.0
2022-08-01 18:14:39,USDT,1.001
2022-10-31 02:54:35,BNB,325.59
2023-04-06 16:34:44,ETH,1872.91
2024-03-12 07:02:54,GMX,58.03
2024-04-16 12:34:43,ETH,3085.42
2023-03-31 04:30:56,BNB,316.92
2024-09-28 11:33:48,BNB,601.12
2024-02-06 22:16:47,Claim your reward up to 5000$ https://applcoin.vip,0.0
2023-06-25 15:57:23,M32,0.0
2023-03-18 15:42:36,BNB,331.77
2022-05-30 12:13:31,EUR,1.077
2022-06-01 13:48:20,STELLA LP,0.0
2023-10-09 09:50:24,USDT,1.0
2023-08-03 16:29:14,ETH,1834.44
2022-06-01 13:50:06,STELLA LP,0.0
2023-07-01 01:30:45,EUR,1.091
2022-12-16 19:23:40,BNB,231.39
2024-08-22 21:08:12,variableDebtWBNB,0.0
2024-07-05 04:19:39,USDT,1.0
2023-05-12 01:32:48,BNB,308.82
2023-03-23 07:48:23,USDC,0.9992
2023-09-03 11:29:42,ETH,1635.72
2022-09-17 17:38:24,WGLMR,0.0
2023-10-16 07:15:37,ETH,1600.09
2023-05-13 23:46:28,ETH,1796.08
2022-07-11 20:34:03,POL,0.0
2022-06-01 13:43:24,GLMR,0.0
2022-11-14 01:14:48,ETH,1241.39
2022-05-12 22:24:52,AVAX,30.19
2024-04-11 10:57:18,Visit shiba-claim.co to claim reward,0.0
2023-04-06 21:17:11,USDT,1.0
2022-06-08 17:34:54,GLMR,0.0
2022-11-10 05:04:14,ATOM,12.14
2023-01-15 03:29:12,BUSD,1.0
2022-08-06 16:58:12,USDT,1.002
2022-12-19 23:48:45,EUR,1.062
2023-06-05 20:56:41,AVAX,13.89
2022-10-30 15:06:03,USDT,1.0
2022-08-24 08:27:35,EUR,0.9968
2023-04-10 07:19:24,USDC,0.9997
2023-08-03 11:36:02,USDT,0.9993
2023-10-21 20:29:38,BNB,214.05
2024-03-11 07:27:59,stETH,4058.84
2024-01-25 12:23:41,AVAX,30.47
2023-11-06 00:28:47,ETH,1901.65
2022-10-30 15:06:03,BNB,313.73
2023-04-06 00:31:00,STELLA LP,0.0
2023-04-10 06:36:08,LINK,7.347
2023-05-15 06:56:35,ETH,1817.04
2023-05-29 04:27:13,ETH,1893.17
2023-11-18 19:35:08,USDT,1.001
2022-06-22 12:44:01,USDT,0.9988
2022-12-03 17:39:22,BNB,290.48
2022-12-20 00:56:23,ETH,1216.96
2022-07-14 13:01:05,EUR,1.003
2023-09-21 19:20:58,sAVAX,0.0
2022-12-12 02:54:18,SOL,13.32
2022-07-11 23:04:25,BUSD,0.9998
2024-06-02 16:28:06,$ stketh.net,0.0
2023-07-07 18:17:07,FTM,0.2682
2022-07-11 19:37:22,BTC,19944.25
2023-09-03 11:33:57,ETH,1635.72
2023-07-19 11:11:17,ETH,1888.8
2024-05-26 13:34:51,ETH,3824.34
2023-01-15 19:33:21,THETA,0.923
2023-04-10 06:27:40,ETH,1911.14
2023-03-23 07:22:51,ETH,1817.43
2022-09-13 18:48:20,USDT,0.9999
2023-03-28 22:51:39,wstETH,0.0
2022-10-18 18:46:11,EUR,0.9859
2022-12-19 00:21:39,USDT,1.0
2022-10-11 15:41:19,EUR,0.97
2023-06-03 23:17:30,EUR,1.07
2023-03-28 19:48:48,GLMR,0.363
2023-01-16 06:42:46,BNB,298.87
2024-04-21 12:03:44,GMX,29.71
2022-10-30 06:04:41,BNB,313.73
2023-10-26 15:21:21,YFIH2,0.0
2023-12-16 14:02:51,ETH,2227.14
2022-08-14 17:01:14,USDT,1.0
2023-02-22 07:11:48,DYDX,2.671
2022-06-01 11:25:42,DOT,9.451
2023-04-08 01:51:20,ETH,1849.91
2022-12-28 05:30:36,SOL,9.759
2024-07-25 19:01:35,ETH,3174.48
2022-08-01 14:54:41,FTM,0.3429
2024-07-29 23:22:41,BNB,574.27
2023-03-30 19:01:48,USDT,1.0
2022-05-13 07:45:23,EUR,1.04
2023-03-16 18:15:53,EUR,1.06
2024-07-06 22:04:32,fGLP,0.0
2023-05-03 19:17:07,EMV,0.0
2022-11-08 19:23:53,LINK,7.705
2023-04-12 18:37:26,ETH,1918.62
2023-04-08 01:20:06,ETH,1849.91
2023-03-28 20:34:49,FTM,0.4231
2023-06-12 19:11:06,LINK,5.16
2024-01-12 15:09:14,ETH,2522.11
2024-07-05 22:30:16,BNB,497.75
2023-06-03 23:15:01,ATOM,10.7
2023-10-25 12:54:51,BNB,222.15
2023-03-28 19:26:42,mooCurveFstDOT,0.0
2022-12-11 19:22:02,BNB,284.46
2023-02-20 06:34:46,AVAX,20.83
2024-03-12 07:02:54,USDT,1.0
2022-07-12 19:17:20,BUSD,0.9998
2023-03-16 18:20:42,ETH,1676.86
2023-06-13 17:01:09,ETH,1739.4
2022-12-14 19:02:41,BNB,267.73
2022-05-02 12:30:02,SOL,87.47
2023-07-14 10:02:18,GRT,0.1198
2022-07-17 08:40:27,MATIC,0.7525
2023-01-14 02:19:10,BNB,304.88
2022-10-18 18:46:11,BNB,273.18
2022-12-13 21:58:08,BNB,271.96
2024-04-21 12:03:44,sbfGMX,0.0
2023-03-03 01:32:24,MATIC,1.169
2022-07-11 23:04:25,BTC,19944.25
2023-05-17 00:48:47,ETH,1822.22
2022-11-09 21:53:32,ATOM,9.742
2023-03-23 05:44:27,BNB,329.94
2022-11-08 17:27:17,USDT,0.9951
2023-07-13 21:22:00,EUR,1.122
2023-04-16 15:47:49,BNB,347.8
2022-07-21 11:29:06,BTC,23153.54
2023-07-07 18:20:01,EUR,1.095
2023-04-02 23:15:59,stETH,1791.94
2023-03-30 19:03:56,USDT,1.0
2023-10-22 12:16:47,FTM,0.2086
2023-04-06 02:34:59,ETH,1872.91
2023-07-13 23:11:36,AVAX,14.11
2023-01-15 19:34:36,USDT,1.0
2022-11-08 20:08:42,EUR,1.005
2023-11-05 22:53:59,EGLD,48.09
2022-12-22 08:21:11,BNB,245.74
2022-06-08 23:42:36,EUR,1.071
2023-04-10 06:42:26,USDC,0.9997
2022-06-20 13:32:01,DOT,7.868
2023-07-13 23:11:50,qisAVAX,0.0
2023-03-16 18:04:47,BNB,329.91
2023-07-04 00:03:28,ETH,1936.37
2024-04-16 12:35:25,ETH,3085.42
2024-08-29 11:11:41,SNX,1.362
2022-10-31 12:45:39,CHZ,0.2211
2023-04-08 20:11:45,ETH,1849.91
2023-04-06 16:33:07,ETH,1872.91
2024-03-23 23:51:39,OSS,0.0
2023-04-06 03:04:00,GLMR,0.38
2022-12-20 01:28:11,ETH,1216.96
2022-10-13 07:38:37,BNB,271.86
2023-05-12 20:06:48,ETH,1808.28
2023-08-23 17:12:05,fsGLP,0.0
2024-02-18 15:46:51,USDT,1.0
2023-04-10 06:52:14,ETH,1911.14
2022-08-01 12:46:45,XTZ,1.814
2024-02-15 21:33:02,FTM,0.4164
2023-04-10 06:47:06,ETH,1911.14
2022-04-29 09:13:36,UST,0.0
2023-09-17 10:06:41,AVAX,9.099
2023-04-10 06:41:37,ETH,1911.14
2023-03-12 18:50:38,BTC,22183.71
2023-03-23 07:24:34,ETH,1817.43
2023-05-12 20:07:03,ETH,1808.28
2023-04-08 19:48:37,ETH,1849.91
2022-06-01 13:48:20,xcDOT,0.0
2023-04-10 06:53:03,ETH,1911.14
2023-03-27 22:45:54,EUR,1.079
2022-06-01 10:33:33,EUR,1.065
2023-04-06 16:33:20,ETH,1872.91
2022-12-22 08:21:11,MATIC,0.7961
2023-04-10 06:31:51,USDT,1.001
2023-04-10 06:43:42,ETH,1911.14
2022-06-03 18:57:48,GLMR,0.0
2023-06-09 03:50:45,BNB,260.6
2023-04-06 02:44:06,AVAX,17.99
2022-07-11 20:28:11,UNI-V2,0.0
2023-10-23 00:37:20,esTND,0.0
2023-04-19 22:38:42,SOL,22.69
2023-05-09 14:45:47,FTM,0.3707
2022-06-08 22:50:51,EUR,1.071
2022-12-11 22:38:10,BNB,284.46
2023-04-10 06:29:39,ETH,1911.14
2023-03-16 18:04:47,ETH,1676.86
2023-05-22 04:28:41,AVAX,14.67
2022-11-23 19:44:22,AAVE,58.36
2023-08-03 16:37:36,ETH,1834.44
2023-10-27 18:09:49,CRAB,0.0
2022-11-29 00:31:08,BUSD,0.9997
2023-03-28 20:00:56,FTM,0.4231
2024-01-09 09:07:53,BNB,301.14
2023-01-06 16:59:48,ETH,1268.71
2024-03-21 08:43:13,USDT,0.9999
2024-01-25 12:32:42,MATIC,0.7321
2022-06-08 17:32:06,GLMR,0.0
2024-01-09 21:01:57,GMX,49.93
2024-03-02 19:34:42,ETH,3423.65
2022-07-08 08:58:58,BTC,21592.65
2022-12-20 01:07:35,ETH,1216.96
2023-05-18 18:56:42,BNB,309.27
2024-04-11 10:38:22,Earn $stETH rewards at https://msteth.com,0.0
2022-06-01 10:33:33,GLMR,0.0
2024-03-02 20:27:20,BNB,411.19
2023-09-03 11:35:01,USDT,1.0
2023-10-23 00:36:04,esTND,0.0
2023-04-10 06:53:03,fsGLP,0.0
2024-07-25 18:59:43,ETH,3174.48
2023-04-06 02:29:31,ARB,1.215
2022-07-11 21:26:53,POL,0.0
2023-07-13 23:11:50,AVAX,14.11
2023-08-19 19:37:25,BNB,216.67
2023-06-12 17:08:41,ARB,0.9794
2022-09-17 17:37:54,GLMR,0.516
2023-08-23 17:13:47,fGLP,0.0
2023-06-03 23:15:01,BNB,306.8
2023-01-15 19:33:38,CHZ,0.1408
2023-04-18 15:31:24,POL,0.0
2023-04-04 15:54:53,IMO,0.0
2023-05-09 12:54:42,FTM,0.3707
2023-05-18 19:22:00,WBNB,0.0
2024-03-15 11:36:01,USDT,1.0
2023-05-21 16:39:14,sbfTND,0.0
2023-02-26 16:47:50,IMO,0.0
2023-04-10 06:46:47,ETH,1911.14
2022-09-09 14:26:04,USDT,1.0
2023-01-15 19:33:02,GLMR,0.409
2024-05-13 14:15:23,SNX,2.415
2024-04-21 12:05:49,sbfGMX,0.0
2023-03-30 19:03:56,ETH,1793.89
2022-05-10 11:03:38,AVAX,44.5
2022-06-01 13:50:06,GLMR,0.0
2022-12-22 08:21:11,EUR,1.06
2023-04-16 15:52:55,BNB,347.8
2023-04-10 06:41:37,fsGLP,0.0
2023-01-15 19:34:36,DAI,0.9997
2023-06-02 22:52:38,CRAB,0.0
2023-05-15 01:07:42,ETH,1817.04
2023-08-23 17:13:47,fsGLP,0.0
2022-08-11 20:47:35,FTM,0.3921
2023-02-21 18:56:34,BNB,311.62
2022-12-20 01:34:59,ETH,1216.96
2023-05-15 16:35:51,ETH,1817.04
2023-04-10 17:23:39,POL,0.0
2022-12-28 05:30:36,BUSD,1.0
2023-07-07 18:17:07,EUR,1.095
2023-08-23 14:11:41,ETH,1679.23
2023-03-02 16:08:41,ATOM,12.46
2023-03-24 17:43:29,MATIC,1.098
2023-04-12 17:42:30,GLMR,0.377
2022-11-29 00:31:08,LINK,7.314
2022-06-28 16:24:30,USDT,0.9986
2023-02-16 01:32:02,FTM,0.5278
2023-06-02 22:52:38,ETH,1907.36
2022-06-03 18:57:48,STELLA,0.0
2023-03-23 05:44:27,ETH,1817.43
2022-06-30 17:32:03,DOT,7.06
2022-07-17 08:40:27,BTC,20792.81
2023-01-31 19:21:11,BNB,312.11
2023-08-04 20:07:50,ETH,1827.52
2023-04-10 06:51:15,ETH,1911.14
2022-12-14 19:02:41,EGLD,42.87
2023-05-17 16:15:42,USDT,1.0
2023-06-12 17:12:42,LINK,5.16
2023-05-11 21:04:53,FTM,0.3688
2022-04-26 13:31:43,SOL,95.71
2024-03-03 10:24:19,ETH,3489.57
2023-05-24 17:00:36,ETH,1799.99
2022-07-17 08:38:20,BTC,20792.81
2023-03-28 19:57:46,spLP,0.0
2023-04-10 07:19:24,ETH,1911.14
2024-07-06 22:03:40,fsGLP,0.0
2022-12-20 00:33:05,DAI,0.9996
2023-03-12 19:27:16,ETH,1591.86
2022-10-31 01:58:10,BNB,325.59
2023-07-14 10:02:18,EUR,1.121
2023-05-23 20:55:01,ETH,1854.48
2024-03-15 11:34:43,ETH,3742.44
2023-05-26 01:45:30,ETH,1828.68
2022-07-11 20:31:05,UNI-V2,0.0
2023-09-17 10:04:29,EUR,1.067
2023-04-08 01:24:45,ETH,1849.91
2022-06-01 11:13:19,DOT,9.451
2023-09-03 11:29:54,ETH,1635.72
2024-02-03 17:56:07,CRAB,0.0
2022-08-01 13:56:35,EUR,1.025
2023-03-27 14:59:44,DYDX,2.397
2024-03-19 21:49:55,USDT,0.9998
2023-05-11 21:00:06,GLMR,0.281
2024-04-10 15:52:57,Cake-LP,0.0
2023-03-03 01:32:24,BUSD,1.0
2023-01-31 19:22:37,USDT,1.0
2024-01-21 12:01:55,rUSDT,0.0
2023-05-14 07:14:38,ETH,1800.16
2023-08-19 12:23:32,EUR,1.079
2023-08-02 22:54:25,BTC,29163.69
2023-05-20 05:47:42,ETH,1820.0
2023-06-18 01:14:24,ETH,1720.51
2022-10-13 12:30:43,EUR,0.9764
2023-04-14 14:40:20,DAI,0.9999
2022-12-24 05:22:43,BNB,244.1
2022-11-07 23:07:33,USDT,1.0
2024-03-21 09:19:41,USDT,0.9999
2024-04-16 12:30:34,ezETH,0.0
2022-10-31 12:45:39,BUSD,1.0
2022-11-08 20:08:42,SOL,24.02
2024-04-21 12:04:32,ETH,3148.11
2023-04-24 14:47:27,BNB,331.35
2023-10-21 20:29:53,USDT,1.0
2023-04-16 15:51:10,BNB,347.8
2024-03-19 10:04:34,ETH,3158.44
2022-06-08 17:32:06,STELLA LP,0.0
2022-06-15 07:29:20,ETH,1236.89
2023-03-31 06:38:36,RDNT,0.0
2023-01-15 19:33:38,USDT,1.0
2022-11-08 17:27:17,BNB,328.25
2022-10-31 02:02:31,EUR,0.9884
2023-06-13 07:08:25,AXL,0.3885
2023-11-06 00:26:02,ETH,1901.65
2023-03-23 07:31:24,USDC,0.9992
2023-09-03 11:37:14,BNB,214.46
2023-04-08 21:01:44,BNB,310.57
2024-08-02 22:39:41,ATOM,5.358
2022-05-16 17:46:38,MATIC,0.6761
2022-12-19 22:24:48,EUR,1.062
2023-04-08 20:57:45,BNB,310.57
2023-03-31 06:40:59,RDNT,0.0
2023-08-13 11:21:55,POL,0.0
2023-08-24 13:07:27,BNB,218.88
2022-06-08 20:07:07,POL,0.0
2022-05-18 13:51:11,EUR,1.046
2023-10-23 00:37:20,sbfTND,0.0
2022-10-31 01:58:10,EUR,0.9884
2023-03-16 18:15:53,ETH,1676.86
2023-10-16 07:14:30,ETH,1600.09
2022-12-11 19:33:27,EUR,1.052
2023-03-30 19:01:28,ETH,1793.89
2022-12-28 05:30:36,BNB,243.81
2022-12-16 23:52:40,ATOM,8.566
2022-12-16 23:34:09,USDT,1.002
2022-12-13 22:14:22,USDT,0.9999
2022-09-17 17:38:24,DOTSTDOT-f,0.0
2024-03-02 19:31:20,USDT,1.001
2022-06-08 17:32:06,STELLA,0.0
2023-03-28 17:26:47,ETH,1773.6
2023-04-08 19:55:11,ETH,1849.91
2024-07-29 23:20:38,BNB,574.27
2022-12-24 01:30:27,FTM,0.2041
2022-06-08 17:31:12,STELLA,0.0
2023-03-27 22:40:44,EUR,1.079
2022-06-15 17:10:49,EUR,1.045
2023-03-31 06:48:54,AI-A,0.0
2023-03-28 20:31:42,MATIC,1.086
2023-11-23 00:02:27,ETH,2062.63
2022-06-08 19:54:50,ETH,1791.03
2023-04-10 06:35:57,ETH,1911.14
